"PDB","MUTATION","RIGIDITY_METRIC"
"MBDLG","G2838E",-477
"MBDLG","G2842Q",-485
"MBDLG","G2842E",-465
"MBDLG","G2838Q",-454
"MBDLG","G2841Y",-502
"MBDLG","G2841S",-488
"MBDLG","G2841G",-480
"MBDLG","G2841M",-496
"MBDLG","G2843R",-587
"MBDLG","G2837H",-629
"MBDLG","G2839F",-487
"MBDLG","G2843L",31
"MBDLG","G2839R",4
"MBDLG","G2837V",-565
"MBDLG","G2843F",5
"MBDLG","G2840P",-487
"MBDLG","G2840N",-553
"MBDLG","G2840D",-490
"MBDLG","G2840I",-638
"MBDLG","G2840C",-496
"MBDLG","G2840W",-541
"MBDLG","G2843K",-555
"MBDLG","G2837Q",6
"MBDLG","G2843A",-497
"MBDLG","G2839K",-472
"MBDLG","G2837E",-605
"MBDLG","G2839A",-464
"MBDLG","G2838V",-444
"MBDLG","G2842H",-2
"MBDLG","G2842V",-484
"MBDLG","G2838H",-487
"MBDLG","G2842L",-497
"MBDLG","G2838R",-632
"MBDLG","G2842F",-480
"MBDLG","G2838L",-475
"MBDLG","G2842R",-19
"MBDLG","G2838F",-494
"MBDLG","G2841N",-485
"MBDLG","G2841D",-483
"MBDLG","G2841P",-625
"MBDLG","G2843E",48
"MBDLG","G2839Q",-465
"MBDLG","G2837K",0
"MBDLG","G2839E",-463
"MBDLG","G2843Q",-464
"MBDLG","G2837A",-480
"MBDLG","G2840G",-616
"MBDLG","G2840M",-470
"MBDLG","G2840Y",-460
"MBDLG","G2840S",23
"MBDLG","G2840T",-460
"MBDLG","G2837L",-586
"MBDLG","G2839H",-519
"MBDLG","G2837F",-585
"MBDLG","G2837R",25
"MBDLG","G2839V",9
"MBDLG","G2843H",-460
"MBDLG","G2841W",-495
"MBDLG","G2841I",-498
"MBDLG","G2841C",-476
"MBDLG","G2838K",-512
"MBDLG","G2838A",-486
"MBDLG","G2842K",-520
"MBDLG","G2842A",-485
"MBDLG","G2841K",-505
"MBDLG","G2841A",-493
"MBDLG","G2842I",-462
"MBDLG","G2838W",-462
"MBDLG","G2842C",-473
"MBDLG","G2838I",39
"MBDLG","G2842W",-479
"MBDLG","G2838C",-491
"MBDLG","G2840H",72
"MBDLG","G2837P",-486
"MBDLG","G2839T",4
"MBDLG","G2837N",-637
"MBDLG","G2843T",-477
"MBDLG","G2837D",-610
"MBDLG","G2837I",-625
"MBDLG","G2839G",-451
"MBDLG","G2843Y",-482
"MBDLG","G2843S",-588
"MBDLG","G2837C",18
"MBDLG","G2839M",-459
"MBDLG","G2843G",-476
"MBDLG","G2839Y",-485
"MBDLG","G2837W",-37
"MBDLG","G2839S",-471
"MBDLG","G2843M",6
"MBDLG","G2840Q",51
"MBDLG","G2840E",-472
"MBDLG","G2838N",-466
"MBDLG","G2842P",-453
"MBDLG","G2838D",-466
"MBDLG","G2842N",-640
"MBDLG","G2838P",-551
"MBDLG","G2842D",-474
"MBDLG","G2841R",-541
"MBDLG","G2841L",-502
"MBDLG","G2841F",-501
"MBDLG","G2841V",-517
"MBDLG","G2841H",-483
"MBDLG","G2842T",-476
"MBDLG","G2838T",-468
"MBDLG","G2840K",-489
"MBDLG","G2840A",-607
"MBDLG","G2839I",-465
"MBDLG","G2837G",-497
"MBDLG","G2843W",48
"MBDLG","G2839C",-455
"MBDLG","G2837M",-552
"MBDLG","G2843I",51
"MBDLG","G2837Y",-586
"MBDLG","G2839W",58
"MBDLG","G2843C",-478
"MBDLG","G2843N",-497
"MBDLG","G2839P",-444
"MBDLG","G2837T",-572
"MBDLG","G2843D",-628
"MBDLG","G2839N",-548
"MBDLG","G2843P",-467
"MBDLG","G2839D",-452
"MBDLG","G2840L",-470
"MBDLG","G2840F",41
"MBDLG","G2840R",13
"MBDLG","G2842G",-461
"MBDLG","G2838S",-447
"MBDLG","G2842M",-469
"MBDLG","G2838G",-435
"MBDLG","G2842Y",-7
"MBDLG","G2838M",-483
"MBDLG","G2841E",-468
"MBDLG","G2841Q",-470
